{
  "MRR_URL": 0.9316666666666668,
  "Exact_Match": 0.32,
  "Recall@10": 0.96,
  "Avg_Time": 0.5979307079315186
}